Entity,Code,Year,5.5.2 - Proportion of women in senior and middle management positions (%) - IC_GEN_MGTN
Afghanistan,AFG,2014,6.9
Afghanistan,AFG,2017,4.3
Afghanistan,AFG,2020,5.9
Albania,ALB,2007,22.8
Albania,ALB,2008,24.4
Albania,ALB,2009,22
Albania,ALB,2010,16.3
Albania,ALB,2012,14.7
Albania,ALB,2013,29.3
Albania,ALB,2014,20.6
Albania,ALB,2015,19.3
Albania,ALB,2016,24
Albania,ALB,2017,22.7
Albania,ALB,2018,31.6
Albania,ALB,2019,41.3
Angola,AGO,2009,14.8
Angola,AGO,2014,18.2
Argentina,ARG,2004,28.6
Argentina,ARG,2005,26.3
Argentina,ARG,2006,29.4
Argentina,ARG,2008,29.9
Argentina,ARG,2009,34.4
Argentina,ARG,2010,32.1
Argentina,ARG,2011,30.2
Argentina,ARG,2012,32.3
Argentina,ARG,2013,36.5
Argentina,ARG,2014,38.6
Argentina,ARG,2017,32.6
Argentina,ARG,2018,33.2
Argentina,ARG,2019,33.1
Argentina,ARG,2020,37
Austria,AUT,2000,28.1
Austria,AUT,2001,29.4
Austria,AUT,2002,30.8
Austria,AUT,2003,28.5
Austria,AUT,2004,22.2
Austria,AUT,2005,21.5
Austria,AUT,2006,21
Austria,AUT,2007,21
Austria,AUT,2008,25.2
Austria,AUT,2009,23.3
Austria,AUT,2010,25.4
Austria,AUT,2011,26.1
Austria,AUT,2012,27.1
Austria,AUT,2013,26.3
Austria,AUT,2014,27.9
Austria,AUT,2015,27.9
Austria,AUT,2016,29.5
Austria,AUT,2017,29.2
Austria,AUT,2018,28.9
Austria,AUT,2019,32
Austria,AUT,2020,31.3
Bangladesh,BGD,2006,10.9
Bangladesh,BGD,2010,10
Bangladesh,BGD,2017,11.5
Barbados,BRB,2015,50.9
Barbados,BRB,2016,48.9
Barbados,BRB,2017,48.9
Barbados,BRB,2018,46.5
Barbados,BRB,2019,43.2
Belarus,BLR,2020,47.8
Belgium,BEL,2000,24.5
Belgium,BEL,2001,28.4
Belgium,BEL,2002,28
Belgium,BEL,2003,27.3
Belgium,BEL,2004,26.9
Belgium,BEL,2005,30.2
Belgium,BEL,2006,31.1
Belgium,BEL,2007,33.5
Belgium,BEL,2008,31.9
Belgium,BEL,2009,34.6
Belgium,BEL,2010,34.8
Belgium,BEL,2011,30.5
Belgium,BEL,2012,31.7
Belgium,BEL,2013,30.8
Belgium,BEL,2014,31.3
Belgium,BEL,2015,31
Belgium,BEL,2016,32
Belgium,BEL,2017,32.9
Belgium,BEL,2018,33.5
Belgium,BEL,2019,31.9
Belgium,BEL,2020,34.5
Belize,BLZ,2015,39.1
Belize,BLZ,2016,41.7
Bolivia,BOL,2000,37.9
Bolivia,BOL,2001,18.5
Bolivia,BOL,2005,32
Bolivia,BOL,2007,29
Bolivia,BOL,2008,34.7
Bolivia,BOL,2009,35.1
Bolivia,BOL,2011,35.7
Bolivia,BOL,2012,31.5
Bolivia,BOL,2013,31.1
Bolivia,BOL,2014,35.5
Bolivia,BOL,2015,34.5
Bolivia,BOL,2016,30
Bolivia,BOL,2017,26.8
Bolivia,BOL,2018,30.4
Bolivia,BOL,2019,28.1
Bolivia,BOL,2020,30.9
Bosnia and Herzegovina,BIH,2006,23.7
Bosnia and Herzegovina,BIH,2007,20.3
Bosnia and Herzegovina,BIH,2008,33.4
Bosnia and Herzegovina,BIH,2009,27.7
Bosnia and Herzegovina,BIH,2010,23.8
Bosnia and Herzegovina,BIH,2011,22.6
Bosnia and Herzegovina,BIH,2012,23
Bosnia and Herzegovina,BIH,2013,21.4
Bosnia and Herzegovina,BIH,2014,24.2
Bosnia and Herzegovina,BIH,2015,24.2
Bosnia and Herzegovina,BIH,2016,18.8
Bosnia and Herzegovina,BIH,2017,18.8
Bosnia and Herzegovina,BIH,2018,26.1
Bosnia and Herzegovina,BIH,2019,25.4
Bosnia and Herzegovina,BIH,2020,24.9
Botswana,BWA,2009,29.6
Botswana,BWA,2019,54.2
Botswana,BWA,2020,55.3
Brazil,BRA,2002,35
Brazil,BRA,2003,34.2
Brazil,BRA,2004,35.7
Brazil,BRA,2005,38.1
Brazil,BRA,2006,36.3
Brazil,BRA,2007,37.7
Brazil,BRA,2008,35.8
Brazil,BRA,2009,35.2
Brazil,BRA,2011,36.6
Brazil,BRA,2012,35.6
Brazil,BRA,2013,36.2
Brazil,BRA,2014,36.5
Brazil,BRA,2015,37.1
Brazil,BRA,2016,37.5
Brazil,BRA,2017,37.6
Brazil,BRA,2018,37.8
Brazil,BRA,2019,37.5
Brazil,BRA,2020,35.4
Brunei,BRN,2014,32.5
Brunei,BRN,2017,37
Brunei,BRN,2018,34.6
Brunei,BRN,2019,32.3
Brunei,BRN,2020,37.4
Bulgaria,BGR,2000,37.5
Bulgaria,BGR,2001,40.5
Bulgaria,BGR,2002,42.3
Bulgaria,BGR,2003,37.8
Bulgaria,BGR,2004,41.4
Bulgaria,BGR,2005,40.6
Bulgaria,BGR,2006,37.6
Bulgaria,BGR,2007,36.4
Bulgaria,BGR,2008,36.5
Bulgaria,BGR,2009,35.8
Bulgaria,BGR,2010,38.6
Bulgaria,BGR,2011,37
Bulgaria,BGR,2012,35.5
Bulgaria,BGR,2013,36
Bulgaria,BGR,2014,35.4
Bulgaria,BGR,2015,37.4
Bulgaria,BGR,2016,39.3
Bulgaria,BGR,2017,39.3
Bulgaria,BGR,2018,39.3
Bulgaria,BGR,2019,39.3
Bulgaria,BGR,2020,42.5
Burkina Faso,BFA,2018,24
Cambodia,KHM,2000,15.4
Cambodia,KHM,2001,10.6
Cambodia,KHM,2007,27.7
Cambodia,KHM,2008,18.7
Cambodia,KHM,2009,17.5
Cambodia,KHM,2010,12.8
Cambodia,KHM,2011,14.6
Cambodia,KHM,2012,16.7
Cambodia,KHM,2013,22.5
Cambodia,KHM,2014,15.9
Cambodia,KHM,2015,25.1
Cambodia,KHM,2016,33.1
Cambodia,KHM,2017,20.2
Cambodia,KHM,2019,29.2
Chile,CHL,2000,35.5
Chile,CHL,2003,42.6
Chile,CHL,2006,28.6
Chile,CHL,2009,28.3
Chile,CHL,2011,48.6
Chile,CHL,2013,44.7
Chile,CHL,2015,46.4
Chile,CHL,2017,43.1
Cook Islands,COK,2016,31.4
Cook Islands,COK,2019,56
Costa Rica,CRI,2001,25.2
Costa Rica,CRI,2002,26.3
Costa Rica,CRI,2003,29.1
Costa Rica,CRI,2004,26.2
Costa Rica,CRI,2005,24.9
Costa Rica,CRI,2006,29.9
Costa Rica,CRI,2007,26.6
Costa Rica,CRI,2008,28.1
Costa Rica,CRI,2009,27
Cote d'Ivoire,CIV,2016,22.2
Cote d'Ivoire,CIV,2017,22.2
Croatia,HRV,2002,26.8
Croatia,HRV,2003,28.3
Croatia,HRV,2004,17.5
Croatia,HRV,2005,28.2
Croatia,HRV,2006,27.5
Croatia,HRV,2007,22.7
Croatia,HRV,2008,32.1
Croatia,HRV,2009,37.2
Croatia,HRV,2010,27.4
Croatia,HRV,2011,23.6
Croatia,HRV,2012,25.8
Croatia,HRV,2013,23.9
Croatia,HRV,2014,24.4
Croatia,HRV,2015,26.1
Croatia,HRV,2016,29.5
Croatia,HRV,2017,27.9
Croatia,HRV,2018,26.1
Croatia,HRV,2019,24.3
Croatia,HRV,2020,29.1
Cyprus,CYP,2000,18.5
Cyprus,CYP,2001,18.6
Cyprus,CYP,2002,17.3
Cyprus,CYP,2003,17.9
Cyprus,CYP,2004,17
Cyprus,CYP,2005,17.1
Cyprus,CYP,2006,17.2
Cyprus,CYP,2007,17.7
Cyprus,CYP,2008,20.4
Cyprus,CYP,2009,13.8
Cyprus,CYP,2010,14.3
Cyprus,CYP,2011,14.7
Cyprus,CYP,2012,16.4
Cyprus,CYP,2013,18.7
Cyprus,CYP,2014,18.1
Cyprus,CYP,2015,25.2
Cyprus,CYP,2016,27
Cyprus,CYP,2017,22.4
Cyprus,CYP,2018,19.7
Cyprus,CYP,2019,23.7
Cyprus,CYP,2020,25.2
Czechia,CZE,2000,26.8
Czechia,CZE,2001,29.3
Czechia,CZE,2002,28.5
Czechia,CZE,2003,31.7
Czechia,CZE,2004,30.3
Czechia,CZE,2005,31.6
Czechia,CZE,2006,30.7
Czechia,CZE,2007,29.5
Czechia,CZE,2008,29.3
Czechia,CZE,2009,28.9
Czechia,CZE,2010,27.8
Czechia,CZE,2011,24
Czechia,CZE,2012,23.1
Czechia,CZE,2013,24.5
Czechia,CZE,2014,26.6
Czechia,CZE,2015,27.8
Czechia,CZE,2016,23.1
Czechia,CZE,2017,24.1
Czechia,CZE,2018,26.6
Czechia,CZE,2019,26.6
Czechia,CZE,2020,27.4
Democratic Republic of Congo,COD,2005,5.5
Denmark,DNK,2000,18.7
Denmark,DNK,2001,16.7
Denmark,DNK,2002,18
Denmark,DNK,2003,20
Denmark,DNK,2004,18.9
Denmark,DNK,2005,20.6
Denmark,DNK,2006,19.2
Denmark,DNK,2007,25.3
Denmark,DNK,2008,18.3
Denmark,DNK,2009,18.8
Denmark,DNK,2010,17.7
Denmark,DNK,2011,28.5
Denmark,DNK,2012,24.5
Denmark,DNK,2013,23.7
Denmark,DNK,2014,23.4
Denmark,DNK,2015,26.2
Denmark,DNK,2016,28
Denmark,DNK,2017,27
Denmark,DNK,2018,26.3
Denmark,DNK,2019,26.6
Denmark,DNK,2020,28
Dominican Republic,DOM,2000,36.9
Dominican Republic,DOM,2001,40
Dominican Republic,DOM,2002,31.5
Dominican Republic,DOM,2003,39.1
Dominican Republic,DOM,2004,40.3
Dominican Republic,DOM,2005,45.1
Dominican Republic,DOM,2006,45
Dominican Republic,DOM,2007,38.6
Dominican Republic,DOM,2008,37.5
Dominican Republic,DOM,2009,45.4
Dominican Republic,DOM,2010,46.2
Dominican Republic,DOM,2011,51.8
Dominican Republic,DOM,2012,58
Dominican Republic,DOM,2013,46.6
Dominican Republic,DOM,2014,46.7
Dominican Republic,DOM,2015,48.9
Dominican Republic,DOM,2016,47.4
Dominican Republic,DOM,2017,50.5
Dominican Republic,DOM,2018,44.8
Dominican Republic,DOM,2019,50.1
Dominican Republic,DOM,2020,47.6
Ecuador,ECU,2003,34.4
Ecuador,ECU,2004,32.9
Ecuador,ECU,2005,33.7
Ecuador,ECU,2006,30.2
Ecuador,ECU,2007,40.1
Ecuador,ECU,2008,33.6
Ecuador,ECU,2009,32.7
Ecuador,ECU,2010,33.6
Ecuador,ECU,2011,43.9
Ecuador,ECU,2012,43.2
Ecuador,ECU,2013,35.6
Ecuador,ECU,2014,35.6
Ecuador,ECU,2015,33.3
Ecuador,ECU,2016,34
Ecuador,ECU,2017,35.2
Ecuador,ECU,2018,35.3
Ecuador,ECU,2019,37.1
Ecuador,ECU,2020,38.9
Ecuador,ECU,2021,37.1
Egypt,EGY,2008,13.9
Egypt,EGY,2009,14
Egypt,EGY,2010,13.9
Egypt,EGY,2011,13.5
Egypt,EGY,2012,9.7
Egypt,EGY,2013,7.1
Egypt,EGY,2015,6.4
Egypt,EGY,2016,7.1
Egypt,EGY,2017,6.4
Egypt,EGY,2018,7.4
Egypt,EGY,2019,7.1
El Salvador,SLV,2010,37.6
El Salvador,SLV,2011,42.9
El Salvador,SLV,2012,55.8
El Salvador,SLV,2013,42.7
El Salvador,SLV,2014,35.6
El Salvador,SLV,2015,40.7
El Salvador,SLV,2016,34.1
El Salvador,SLV,2017,32.7
El Salvador,SLV,2018,35.7
El Salvador,SLV,2019,43.1
El Salvador,SLV,2020,48.8
Estonia,EST,2000,34.8
Estonia,EST,2001,38.2
Estonia,EST,2002,37.2
Estonia,EST,2003,34.8
Estonia,EST,2004,41.2
Estonia,EST,2005,41
Estonia,EST,2006,39.6
Estonia,EST,2007,34.9
Estonia,EST,2008,36.6
Estonia,EST,2009,34.3
Estonia,EST,2010,38.4
Estonia,EST,2011,34.6
Estonia,EST,2012,31.6
Estonia,EST,2013,32.8
Estonia,EST,2014,30.8
Estonia,EST,2015,27.8
Estonia,EST,2016,31.6
Estonia,EST,2017,34.3
Estonia,EST,2018,33.2
Estonia,EST,2019,35.1
Estonia,EST,2020,35.8
Eswatini,SWZ,2016,54.6
Ethiopia,ETH,2005,15.1
Ethiopia,ETH,2013,21.1
Fiji,FJI,2011,30.7
Fiji,FJI,2016,38.6
Finland,FIN,2000,27.6
Finland,FIN,2001,29.7
Finland,FIN,2002,30.2
Finland,FIN,2003,30.9
Finland,FIN,2004,30.7
Finland,FIN,2005,32.7
Finland,FIN,2006,33.9
Finland,FIN,2007,32.3
Finland,FIN,2008,33.6
Finland,FIN,2009,34.7
Finland,FIN,2010,34.3
Finland,FIN,2011,31.1
Finland,FIN,2012,29.7
Finland,FIN,2013,29.5
Finland,FIN,2014,34.3
Finland,FIN,2015,33.5
Finland,FIN,2016,34.1
Finland,FIN,2017,31.5
Finland,FIN,2018,32
Finland,FIN,2019,36.8
Finland,FIN,2020,37.5
France,FRA,2000,31.7
France,FRA,2001,32.6
France,FRA,2002,34.5
France,FRA,2003,32.5
France,FRA,2004,33.1
France,FRA,2005,36.3
France,FRA,2006,37
France,FRA,2007,36.5
France,FRA,2008,36.8
France,FRA,2009,37.4
France,FRA,2010,38.5
France,FRA,2011,39.1
France,FRA,2012,39.2
France,FRA,2013,35.6
France,FRA,2014,32
France,FRA,2015,31
France,FRA,2016,31.2
France,FRA,2017,32.6
France,FRA,2018,34.4
France,FRA,2019,34.3
France,FRA,2020,35
Gambia,GMB,2012,32.7
Georgia,GEO,2009,30
Georgia,GEO,2010,29.8
Georgia,GEO,2011,33.5
Georgia,GEO,2012,31
Georgia,GEO,2013,32.8
Georgia,GEO,2014,33.8
Georgia,GEO,2015,38.8
Georgia,GEO,2016,44.2
Georgia,GEO,2017,32
Georgia,GEO,2018,35.7
Georgia,GEO,2019,36.7
Georgia,GEO,2020,33.8
Germany,DEU,2000,20.7
Germany,DEU,2001,20.6
Germany,DEU,2002,22
Germany,DEU,2003,23.1
Germany,DEU,2004,22.8
Germany,DEU,2005,23.6
Germany,DEU,2006,24.2
Germany,DEU,2007,24.8
Germany,DEU,2008,25.7
Germany,DEU,2009,26.8
Germany,DEU,2010,27.5
Germany,DEU,2011,27.9
Germany,DEU,2012,27.1
Germany,DEU,2013,27.5
Germany,DEU,2014,27.8
Germany,DEU,2015,28.1
Germany,DEU,2016,28.1
Germany,DEU,2017,28.2
Germany,DEU,2018,28.6
Germany,DEU,2019,28.6
Germany,DEU,2020,26.4
Ghana,GHA,2006,11.6
Ghana,GHA,2013,26.7
Ghana,GHA,2015,33.1
Ghana,GHA,2017,26.6
Greece,GRC,2000,19.9
Greece,GRC,2001,18.6
Greece,GRC,2002,15.5
Greece,GRC,2003,20.7
Greece,GRC,2004,21.2
Greece,GRC,2005,23.7
Greece,GRC,2006,22.5
Greece,GRC,2007,22.8
Greece,GRC,2008,26.3
Greece,GRC,2009,27
Greece,GRC,2010,26.9
Greece,GRC,2011,22
Greece,GRC,2012,22.2
Greece,GRC,2013,25.8
Greece,GRC,2014,27.8
Greece,GRC,2015,24.7
Greece,GRC,2016,24.7
Greece,GRC,2017,29.7
Greece,GRC,2018,30.5
Greece,GRC,2019,29.8
Greece,GRC,2020,27.6
Guatemala,GTM,2003,25.5
Guatemala,GTM,2004,46.6
Guatemala,GTM,2006,32.6
Guatemala,GTM,2010,33.2
Guatemala,GTM,2011,60.7
Guatemala,GTM,2012,35.6
Guatemala,GTM,2013,29.4
Guatemala,GTM,2014,35.4
Guatemala,GTM,2015,34.6
Guatemala,GTM,2016,39.2
Guatemala,GTM,2017,34.5
Guatemala,GTM,2018,37.8
Guatemala,GTM,2019,39.4
Guyana,GUY,2018,38.5
Guyana,GUY,2019,45.9
Honduras,HND,2005,33.2
Honduras,HND,2006,33.8
Honduras,HND,2007,33.8
Honduras,HND,2008,33.3
Honduras,HND,2009,34.3
Honduras,HND,2010,35.5
Honduras,HND,2011,31.6
Honduras,HND,2012,35.8
Honduras,HND,2013,36.2
Honduras,HND,2014,42.3
Honduras,HND,2015,42.4
Honduras,HND,2016,41.1
Honduras,HND,2017,41
Honduras,HND,2018,47.1
Honduras,HND,2019,47.5
Honduras,HND,2020,39.7
Hungary,HUN,2000,34.2
Hungary,HUN,2001,37.7
Hungary,HUN,2002,37.9
Hungary,HUN,2003,37.2
Hungary,HUN,2004,36.7
Hungary,HUN,2005,39.4
Hungary,HUN,2006,40.9
Hungary,HUN,2007,39
Hungary,HUN,2008,40.8
Hungary,HUN,2009,39.9
Hungary,HUN,2010,40
Hungary,HUN,2011,38.2
Hungary,HUN,2012,36.3
Hungary,HUN,2013,38.3
Hungary,HUN,2014,37.6
Hungary,HUN,2015,39.1
Hungary,HUN,2016,37.7
Hungary,HUN,2017,37.6
Hungary,HUN,2018,37.1
Hungary,HUN,2019,35.9
Hungary,HUN,2020,36.8
Iceland,ISL,2000,30.4
Iceland,ISL,2001,30.2
Iceland,ISL,2002,32.3
Iceland,ISL,2003,40
Iceland,ISL,2004,38.1
Iceland,ISL,2005,30
Iceland,ISL,2006,34
Iceland,ISL,2007,33.1
Iceland,ISL,2008,37
Iceland,ISL,2009,38.4
Iceland,ISL,2010,37.1
Iceland,ISL,2011,39.1
Iceland,ISL,2012,38.2
Iceland,ISL,2013,37.9
Iceland,ISL,2014,38.2
Iceland,ISL,2015,39.5
Iceland,ISL,2016,34.8
Iceland,ISL,2017,33
Iceland,ISL,2018,43.1
Iceland,ISL,2019,44
Iceland,ISL,2020,38.6
India,IND,2010,12.3
India,IND,2012,13
India,IND,2018,13.7
India,IND,2019,14.8
India,IND,2020,17.7
Indonesia,IDN,2007,15.8
Indonesia,IDN,2008,16.4
Indonesia,IDN,2009,18.1
Indonesia,IDN,2010,19.4
Iran,IRN,2005,7
Iran,IRN,2006,7.3
Iran,IRN,2007,4.4
Iran,IRN,2009,1.9
Iran,IRN,2010,7.4
Iran,IRN,2011,7.1
Iran,IRN,2012,1.2
Iran,IRN,2013,3.6
Iran,IRN,2014,4.5
Iran,IRN,2015,11.2
Iran,IRN,2016,11.7
Iran,IRN,2017,20.5
Iran,IRN,2018,21.7
Iran,IRN,2019,19.8
Iran,IRN,2020,18.7
Iraq,IRQ,2007,13.7
Iraq,IRQ,2012,22.7
Ireland,IRL,2000,33.7
Ireland,IRL,2001,38.4
Ireland,IRL,2002,38.7
Ireland,IRL,2003,40.8
Ireland,IRL,2004,39.7
Ireland,IRL,2005,43.6
Ireland,IRL,2006,41.4
Ireland,IRL,2007,40.3
Ireland,IRL,2008,42.2
Ireland,IRL,2009,40.1
Ireland,IRL,2010,39.8
Ireland,IRL,2011,30.6
Ireland,IRL,2012,29.9
Ireland,IRL,2013,29.9
Ireland,IRL,2014,31
Ireland,IRL,2015,30
Ireland,IRL,2016,31.9
Ireland,IRL,2017,31
Ireland,IRL,2018,32.1
Ireland,IRL,2019,30.4
Ireland,IRL,2020,31.1
Israel,ISR,2012,31.7
Israel,ISR,2013,32.5
Israel,ISR,2014,32.4
Israel,ISR,2015,31.9
Israel,ISR,2016,34.3
Israel,ISR,2017,34.8
Italy,ITA,2000,14.3
Italy,ITA,2001,18.8
Italy,ITA,2002,20.2
Italy,ITA,2003,20.8
Italy,ITA,2004,18.8
Italy,ITA,2005,19.7
Italy,ITA,2006,21.8
Italy,ITA,2007,22
Italy,ITA,2008,21.6
Italy,ITA,2009,21.6
Italy,ITA,2010,21.2
Italy,ITA,2011,21.6
Italy,ITA,2012,22.2
Italy,ITA,2013,22
Italy,ITA,2014,21.9
Italy,ITA,2015,21.8
Italy,ITA,2016,22
Italy,ITA,2017,22.3
Italy,ITA,2018,23.2
Italy,ITA,2019,23.3
Italy,ITA,2020,23
Jamaica,JAM,2008,61.4
Jamaica,JAM,2009,61.5
Jamaica,JAM,2010,63.3
Jamaica,JAM,2011,60.3
Jamaica,JAM,2012,62.5
Jamaica,JAM,2013,64
Jamaica,JAM,2014,63.9
Japan,JPN,2000,9.4
Japan,JPN,2001,9.2
Japan,JPN,2002,9.7
Japan,JPN,2003,9.5
Japan,JPN,2004,9.5
Japan,JPN,2005,9.9
Japan,JPN,2006,10.2
Japan,JPN,2007,9.5
Japan,JPN,2008,9.5
Japan,JPN,2009,10.2
Japan,JPN,2010,10.4
Japan,JPN,2011,11.7
Japan,JPN,2012,11.3
Japan,JPN,2013,10.9
Japan,JPN,2014,11.4
Japan,JPN,2016,13.3
Japan,JPN,2017,12.8
Jordan,JOR,2017,63.3
Jordan,JOR,2018,58.2
Jordan,JOR,2019,62
Jordan,JOR,2020,60.3
Kenya,KEN,2019,49.6
Kiribati,KIR,2015,37.2
Kiribati,KIR,2019,38.5
Kyrgyzstan,KGZ,2018,37.8
Kyrgyzstan,KGZ,2019,40.9
Kyrgyzstan,KGZ,2020,42.5
Laos,LAO,2017,23.4
Latvia,LVA,2000,37.1
Latvia,LVA,2001,40
Latvia,LVA,2002,38.1
Latvia,LVA,2003,45.4
Latvia,LVA,2004,42.5
Latvia,LVA,2005,42
Latvia,LVA,2006,40.9
Latvia,LVA,2007,42.1
Latvia,LVA,2008,41.3
Latvia,LVA,2009,41.5
Latvia,LVA,2010,39.1
Latvia,LVA,2011,44.3
Latvia,LVA,2012,44.6
Latvia,LVA,2013,42.2
Latvia,LVA,2014,42.1
Latvia,LVA,2015,44.3
Latvia,LVA,2016,46.3
Latvia,LVA,2017,44.1
Latvia,LVA,2018,43.2
Latvia,LVA,2019,43.5
Latvia,LVA,2020,46.2
Lebanon,LBN,2019,28.9
Lesotho,LSO,2019,31.7
Liberia,LBR,2010,21.4
Liberia,LBR,2017,21.7
Lithuania,LTU,2000,42.8
Lithuania,LTU,2001,50
Lithuania,LTU,2002,48.5
Lithuania,LTU,2003,41.5
Lithuania,LTU,2004,46.8
Lithuania,LTU,2005,45
Lithuania,LTU,2006,42.8
Lithuania,LTU,2007,40.3
Lithuania,LTU,2008,41.5
Lithuania,LTU,2009,40.3
Lithuania,LTU,2010,42
Lithuania,LTU,2011,36.5
Lithuania,LTU,2012,35.3
Lithuania,LTU,2013,36.5
Lithuania,LTU,2014,35.4
Lithuania,LTU,2015,38.1
Lithuania,LTU,2016,38.8
Lithuania,LTU,2017,37.9
Lithuania,LTU,2018,38.2
Lithuania,LTU,2019,38.6
Lithuania,LTU,2020,37.3
Luxembourg,LUX,2000,24.1
Luxembourg,LUX,2001,11.1
Luxembourg,LUX,2002,15
Luxembourg,LUX,2003,11.2
Luxembourg,LUX,2004,12.2
Luxembourg,LUX,2005,9.4
Luxembourg,LUX,2006,21.2
Luxembourg,LUX,2007,9.7
Luxembourg,LUX,2008,15.3
Luxembourg,LUX,2009,15.4
Luxembourg,LUX,2010,19.6
Luxembourg,LUX,2011,18.3
Luxembourg,LUX,2012,17
Luxembourg,LUX,2013,14.6
Luxembourg,LUX,2014,17.9
Luxembourg,LUX,2015,14
Luxembourg,LUX,2016,14.9
Luxembourg,LUX,2017,16.1
Luxembourg,LUX,2018,22.5
Luxembourg,LUX,2019,26.5
Luxembourg,LUX,2020,28.2
Madagascar,MDG,2012,24.6
Madagascar,MDG,2015,31.8
Maldives,MDV,2009,16.7
Maldives,MDV,2016,19.5
Maldives,MDV,2019,22.3
Malta,MLT,2000,17.5
Malta,MLT,2001,16.3
Malta,MLT,2002,18.2
Malta,MLT,2003,16.9
Malta,MLT,2004,12.9
Malta,MLT,2005,19.8
Malta,MLT,2006,19.9
Malta,MLT,2007,18.4
Malta,MLT,2008,15.9
Malta,MLT,2009,21.9
Malta,MLT,2010,23.7
Malta,MLT,2011,24.8
Malta,MLT,2012,27.4
Malta,MLT,2013,28.6
Malta,MLT,2014,25.3
Malta,MLT,2015,25.5
Malta,MLT,2016,28.3
Malta,MLT,2017,28.1
Malta,MLT,2018,27.6
Malta,MLT,2019,29.2
Malta,MLT,2020,26.8
Marshall Islands,MHL,2019,25
Mauritius,MUS,2001,19.6
Mauritius,MUS,2002,18.9
Mauritius,MUS,2003,24.3
Mauritius,MUS,2004,20.5
Mauritius,MUS,2005,24.7
Mauritius,MUS,2006,15.3
Mauritius,MUS,2007,20.2
Mauritius,MUS,2008,23
Mauritius,MUS,2009,25.6
Mauritius,MUS,2010,26.2
Mauritius,MUS,2011,21.3
Mauritius,MUS,2012,23.1
Mauritius,MUS,2013,28.9
Mauritius,MUS,2014,27.3
Mauritius,MUS,2015,27.8
Mauritius,MUS,2016,29.5
Mauritius,MUS,2017,30.8
Mauritius,MUS,2018,31
Mexico,MEX,2013,34.9
Mexico,MEX,2014,35.3
Mexico,MEX,2015,34.8
Mexico,MEX,2016,35.2
Mexico,MEX,2017,36.4
Mexico,MEX,2018,35.6
Mexico,MEX,2019,35.6
Mexico,MEX,2020,38.5
Micronesia (country),FSM,2014,18.2
Mongolia,MNG,2008,41.6
Mongolia,MNG,2009,38.3
Mongolia,MNG,2010,37.9
Mongolia,MNG,2011,37.9
Mongolia,MNG,2012,38.7
Mongolia,MNG,2013,37.3
Mongolia,MNG,2014,34.2
Mongolia,MNG,2015,37.8
Mongolia,MNG,2016,36.7
Mongolia,MNG,2017,40
Mongolia,MNG,2018,35.9
Mongolia,MNG,2019,43
Mongolia,MNG,2020,47.4
Montenegro,MNE,2011,35.7
Montenegro,MNE,2012,23.3
Montenegro,MNE,2013,22.7
Montenegro,MNE,2014,24.6
Montenegro,MNE,2015,17.6
Montenegro,MNE,2016,24.9
Montenegro,MNE,2017,25.4
Montenegro,MNE,2018,23.8
Montenegro,MNE,2019,28.2
Montenegro,MNE,2020,25.3
Montserrat,MSR,2020,46.1
Mozambique,MOZ,2015,22.2
Myanmar,MMR,2015,28.3
Myanmar,MMR,2017,31.5
Myanmar,MMR,2018,32.1
Myanmar,MMR,2019,34.1
Namibia,NAM,2010,37.7
Namibia,NAM,2012,25.6
Namibia,NAM,2013,48.5
Namibia,NAM,2014,46.7
Namibia,NAM,2016,48.6
Namibia,NAM,2018,48.2
Nauru,NRU,2013,36.5
Nepal,NPL,2017,13.9
Netherlands,NLD,2000,21.5
Netherlands,NLD,2001,22.4
Netherlands,NLD,2002,21.7
Netherlands,NLD,2003,21.4
Netherlands,NLD,2004,22.2
Netherlands,NLD,2005,22.3
Netherlands,NLD,2006,25.5
Netherlands,NLD,2007,26.8
Netherlands,NLD,2008,26
Netherlands,NLD,2009,26
Netherlands,NLD,2010,26.9
Netherlands,NLD,2011,27.9
Netherlands,NLD,2012,28.3
Netherlands,NLD,2013,23.1
Netherlands,NLD,2014,24.1
Netherlands,NLD,2015,24.5
Netherlands,NLD,2016,24.4
Netherlands,NLD,2017,26
Netherlands,NLD,2018,24.8
Netherlands,NLD,2019,26
Netherlands,NLD,2020,24.9
Nicaragua,NIC,2001,28.4
Nicaragua,NIC,2012,49.7
Nicaragua,NIC,2014,53.7
Niger,NER,2017,21.6
Nigeria,NGA,2011,28.9
Nigeria,NGA,2013,35.2
Nigeria,NGA,2019,31.4
North Macedonia,MKD,2006,26.4
North Macedonia,MKD,2007,29.3
North Macedonia,MKD,2008,28.5
North Macedonia,MKD,2009,26.8
North Macedonia,MKD,2010,27
North Macedonia,MKD,2011,26.5
North Macedonia,MKD,2012,23.3
North Macedonia,MKD,2013,24.7
North Macedonia,MKD,2014,26
North Macedonia,MKD,2015,23
North Macedonia,MKD,2016,27.3
North Macedonia,MKD,2017,22.5
North Macedonia,MKD,2018,28.2
North Macedonia,MKD,2019,28.2
North Macedonia,MKD,2020,24.2
Norway,NOR,2000,24.7
Norway,NOR,2001,25.6
Norway,NOR,2002,27.7
Norway,NOR,2003,28.2
Norway,NOR,2004,29.7
Norway,NOR,2005,31
Norway,NOR,2006,34
Norway,NOR,2007,33.3
Norway,NOR,2008,32.6
Norway,NOR,2009,34.6
Norway,NOR,2010,35
Norway,NOR,2011,31.2
Norway,NOR,2012,31.2
Norway,NOR,2013,31.4
Norway,NOR,2014,33.3
Norway,NOR,2015,33.7
Norway,NOR,2016,35.4
Norway,NOR,2017,36
Norway,NOR,2018,33.5
Norway,NOR,2019,32.8
Norway,NOR,2020,32
Pakistan,PAK,2006,7.6
Pakistan,PAK,2007,6.1
Pakistan,PAK,2008,5.2
Pakistan,PAK,2009,5.7
Pakistan,PAK,2010,6.4
Pakistan,PAK,2011,5.8
Pakistan,PAK,2013,4.2
Pakistan,PAK,2014,6
Pakistan,PAK,2015,4
Pakistan,PAK,2018,6.6
Pakistan,PAK,2019,6.3
Palau,PLW,2014,35.5
Palestine,PSE,2000,23.1
Palestine,PSE,2001,22.9
Palestine,PSE,2002,19.9
Palestine,PSE,2003,23.8
Palestine,PSE,2004,20.2
Palestine,PSE,2005,22
Palestine,PSE,2006,19.8
Palestine,PSE,2007,18.4
Palestine,PSE,2008,19.6
Palestine,PSE,2010,21.7
Palestine,PSE,2011,21.5
Palestine,PSE,2012,15.5
Palestine,PSE,2013,16.1
Palestine,PSE,2014,16.5
Palestine,PSE,2015,16.2
Palestine,PSE,2016,20.6
Palestine,PSE,2017,16.7
Palestine,PSE,2018,17.8
Palestine,PSE,2019,21.7
Palestine,PSE,2020,22.6
Panama,PAN,2003,44
Panama,PAN,2008,39.8
Panama,PAN,2011,45.8
Panama,PAN,2012,46.5
Panama,PAN,2013,40.6
Panama,PAN,2014,43.5
Papua New Guinea,PNG,2010,19.3
Peru,PER,2002,9.2
Peru,PER,2003,19.8
Peru,PER,2004,20.4
Peru,PER,2005,15.7
Peru,PER,2006,29.6
Peru,PER,2007,24.2
Peru,PER,2008,27.3
Peru,PER,2009,23.7
Peru,PER,2010,28.3
Philippines,PHL,2006,59.3
Philippines,PHL,2007,38.8
Philippines,PHL,2008,41.7
Philippines,PHL,2009,42.8
Philippines,PHL,2010,42.2
Philippines,PHL,2011,41.2
Philippines,PHL,2012,42.2
Philippines,PHL,2013,43
Philippines,PHL,2014,41.8
Philippines,PHL,2015,42.7
Philippines,PHL,2016,23.9
Philippines,PHL,2017,23.2
Philippines,PHL,2018,25.5
Philippines,PHL,2019,29.3
Philippines,PHL,2020,35.4
Poland,POL,2000,31.4
Poland,POL,2001,27.7
Poland,POL,2002,29.3
Poland,POL,2003,34
Poland,POL,2004,35.4
Poland,POL,2005,34.1
Poland,POL,2006,36.1
Poland,POL,2007,37.1
Poland,POL,2008,36.2
Poland,POL,2009,36
Poland,POL,2010,37.5
Poland,POL,2011,35.9
Poland,POL,2012,35
Poland,POL,2013,35.5
Poland,POL,2014,36.4
Poland,POL,2015,37.4
Poland,POL,2016,38.1
Poland,POL,2017,38.2
Poland,POL,2018,39.5
Poland,POL,2019,41.2
Poland,POL,2020,41.4
Portugal,PRT,2000,22.4
Portugal,PRT,2001,22.3
Portugal,PRT,2002,30
Portugal,PRT,2003,27.1
Portugal,PRT,2004,30.4
Portugal,PRT,2005,26.7
Portugal,PRT,2006,29.6
Portugal,PRT,2007,29.8
Portugal,PRT,2008,32
Portugal,PRT,2009,33.6
Portugal,PRT,2010,34.6
Portugal,PRT,2011,24.5
Portugal,PRT,2012,26
Portugal,PRT,2013,25.7
Portugal,PRT,2014,31.8
Portugal,PRT,2015,28
Portugal,PRT,2016,29.6
Portugal,PRT,2017,28
Portugal,PRT,2018,32.2
Portugal,PRT,2019,37
Portugal,PRT,2020,35.7
Romania,ROU,2005,33.6
Romania,ROU,2006,33.6
Romania,ROU,2007,32.6
Romania,ROU,2008,34.1
Romania,ROU,2009,36.4
Romania,ROU,2010,36.3
Romania,ROU,2011,31.9
Romania,ROU,2012,30.8
Romania,ROU,2013,30.6
Romania,ROU,2014,30.7
Romania,ROU,2015,31.5
Romania,ROU,2016,32.4
Romania,ROU,2017,30.1
Romania,ROU,2018,30.1
Romania,ROU,2019,34.2
Romania,ROU,2020,35.1
Russia,RUS,2010,38.6
Russia,RUS,2011,39.5
Russia,RUS,2012,39.1
Russia,RUS,2013,38.4
Russia,RUS,2014,38.1
Russia,RUS,2015,38.7
Russia,RUS,2016,40.4
Russia,RUS,2017,39.3
Russia,RUS,2018,39.8
Russia,RUS,2019,42
Russia,RUS,2020,43.2
Rwanda,RWA,2017,36.3
Rwanda,RWA,2018,33.2
Rwanda,RWA,2020,34.2
Samoa,WSM,2012,41.6
Samoa,WSM,2017,43
Senegal,SEN,2015,26.2
Senegal,SEN,2016,26.2
Senegal,SEN,2019,21
Serbia,SRB,2008,36.6
Serbia,SRB,2009,39.4
Serbia,SRB,2010,34.6
Serbia,SRB,2011,32.8
Serbia,SRB,2012,29.1
Serbia,SRB,2013,32.7
Serbia,SRB,2014,31.5
Serbia,SRB,2015,30.9
Serbia,SRB,2016,30.9
Serbia,SRB,2017,30.3
Serbia,SRB,2018,29.8
Serbia,SRB,2019,33.6
Serbia,SRB,2020,32.6
Seychelles,SYC,2014,44.9
Seychelles,SYC,2015,49
Seychelles,SYC,2016,43.8
Seychelles,SYC,2019,47.4
Seychelles,SYC,2020,40
Sierra Leone,SLE,2014,38.5
Sierra Leone,SLE,2018,21.5
Slovakia,SVK,2000,32.5
Slovakia,SVK,2001,34.4
Slovakia,SVK,2002,33.1
Slovakia,SVK,2003,34.1
Slovakia,SVK,2004,30.6
Slovakia,SVK,2005,30.1
Slovakia,SVK,2006,27.4
Slovakia,SVK,2007,31.9
Slovakia,SVK,2008,29.2
Slovakia,SVK,2009,31.7
Slovakia,SVK,2010,35.6
Slovakia,SVK,2011,27.7
Slovakia,SVK,2012,30.4
Slovakia,SVK,2013,30.3
Slovakia,SVK,2014,28.2
Slovakia,SVK,2015,27.8
Slovakia,SVK,2016,34.3
Slovakia,SVK,2017,30.3
Slovakia,SVK,2018,30.4
Slovakia,SVK,2019,33.3
Slovakia,SVK,2020,34.5
Slovenia,SVN,2000,36
Slovenia,SVN,2001,36.7
Slovenia,SVN,2002,35.8
Slovenia,SVN,2003,41.9
Slovenia,SVN,2004,40.2
Slovenia,SVN,2005,42
Slovenia,SVN,2006,42
Slovenia,SVN,2007,37.6
Slovenia,SVN,2008,43.3
Slovenia,SVN,2009,44.7
Slovenia,SVN,2010,43.3
Slovenia,SVN,2011,38.9
Slovenia,SVN,2012,40.3
Slovenia,SVN,2013,38.6
Slovenia,SVN,2014,36.5
Slovenia,SVN,2015,37
Slovenia,SVN,2016,41.8
Slovenia,SVN,2017,41.9
Slovenia,SVN,2018,38.2
Slovenia,SVN,2019,40.5
Slovenia,SVN,2020,40.6
Solomon Islands,SLB,2013,25.1
Somalia,SOM,2019,27.1
South Africa,ZAF,2000,22.6
South Africa,ZAF,2001,22.5
South Africa,ZAF,2002,25.6
South Africa,ZAF,2003,27.7
South Africa,ZAF,2004,26.8
South Africa,ZAF,2005,30.5
South Africa,ZAF,2006,31.4
South Africa,ZAF,2007,32
South Africa,ZAF,2008,31.5
South Africa,ZAF,2009,33.2
South Africa,ZAF,2010,32.1
South Africa,ZAF,2011,33.7
South Africa,ZAF,2012,34.8
South Africa,ZAF,2013,33.1
South Africa,ZAF,2014,34.3
South Africa,ZAF,2015,33.9
South Africa,ZAF,2016,35.7
South Africa,ZAF,2017,35.2
South Africa,ZAF,2018,33.9
South Africa,ZAF,2019,33.3
South Africa,ZAF,2020,35.1
Spain,ESP,2000,15.6
Spain,ESP,2001,17.6
Spain,ESP,2002,18.1
Spain,ESP,2003,15.8
Spain,ESP,2004,18.9
Spain,ESP,2005,21.5
Spain,ESP,2006,23.2
Spain,ESP,2007,23.8
Spain,ESP,2008,23.8
Spain,ESP,2009,24.7
Spain,ESP,2010,27.1
Spain,ESP,2011,28
Spain,ESP,2012,28.8
Spain,ESP,2013,29.3
Spain,ESP,2014,29.5
Spain,ESP,2015,30.4
Spain,ESP,2016,30.3
Spain,ESP,2017,30.9
Spain,ESP,2018,31.9
Spain,ESP,2019,33.7
Spain,ESP,2020,36.5
Sri Lanka,LKA,2010,23.7
Sri Lanka,LKA,2011,25.4
Sri Lanka,LKA,2013,23.3
Sri Lanka,LKA,2014,24
Sri Lanka,LKA,2015,23.7
Sri Lanka,LKA,2016,25.6
Sri Lanka,LKA,2017,23.2
Sri Lanka,LKA,2018,22.5
Sri Lanka,LKA,2019,25.6
Suriname,SUR,2016,42.2
Sweden,SWE,2000,27.4
Sweden,SWE,2001,31.1
Sweden,SWE,2002,32.3
Sweden,SWE,2003,30.5
Sweden,SWE,2004,31.7
Sweden,SWE,2005,31.8
Sweden,SWE,2006,31.7
Sweden,SWE,2007,31
Sweden,SWE,2008,30.8
Sweden,SWE,2009,31.1
Sweden,SWE,2010,31.3
Sweden,SWE,2011,33.5
Sweden,SWE,2012,34.5
Sweden,SWE,2013,35.5
Sweden,SWE,2014,37.4
Sweden,SWE,2015,39.8
Sweden,SWE,2016,39.5
Sweden,SWE,2017,39.4
Sweden,SWE,2018,39
Sweden,SWE,2019,41.9
Sweden,SWE,2020,43.1
Switzerland,CHE,2000,16.1
Switzerland,CHE,2001,30.1
Switzerland,CHE,2002,44.6
Switzerland,CHE,2003,50.3
Switzerland,CHE,2004,47.8
Switzerland,CHE,2005,41.9
Switzerland,CHE,2006,49.1
Switzerland,CHE,2007,45.4
Switzerland,CHE,2008,44.8
Switzerland,CHE,2009,46.6
Switzerland,CHE,2010,47.1
Switzerland,CHE,2011,28.7
Switzerland,CHE,2012,28.7
Switzerland,CHE,2013,28.4
Switzerland,CHE,2014,28.6
Switzerland,CHE,2015,30.4
Switzerland,CHE,2016,30.8
Switzerland,CHE,2017,28.8
Switzerland,CHE,2018,30.5
Switzerland,CHE,2019,32.5
Switzerland,CHE,2020,31.9
Tajikistan,TJK,2007,13.9
Tajikistan,TJK,2009,16.1
Tanzania,TZA,2001,11.7
Tanzania,TZA,2006,17.5
Tanzania,TZA,2014,17.3
Thailand,THA,2010,24.4
Thailand,THA,2013,27.1
Thailand,THA,2014,29.4
Thailand,THA,2015,29.8
Thailand,THA,2016,29.5
Thailand,THA,2017,30.8
Thailand,THA,2018,30.9
Thailand,THA,2019,31
Thailand,THA,2020,33.2
Timor,TLS,2010,8.6
Timor,TLS,2013,33
Timor,TLS,2016,24.5
Togo,TGO,2017,29.5
Tonga,TON,2018,40.3
Tunisia,TUN,2009,18.3
Tunisia,TUN,2010,19.3
Turkey,TUR,2004,16.5
Turkey,TUR,2005,15.7
Turkey,TUR,2006,17.3
Turkey,TUR,2007,18
Turkey,TUR,2008,19.4
Turkey,TUR,2009,20.1
Turkey,TUR,2010,18.8
Turkey,TUR,2011,13
Turkey,TUR,2012,14.3
Turkey,TUR,2013,16.6
Turkey,TUR,2014,15.5
Turkey,TUR,2015,14.4
Turkey,TUR,2016,16.7
Turkey,TUR,2017,17.3
Turkey,TUR,2018,16.3
Turkey,TUR,2019,17.5
Turkey,TUR,2020,19.3
Tuvalu,TUV,2016,36.7
Uganda,UGA,2012,31.5
Uganda,UGA,2017,25.5
United Arab Emirates,ARE,2017,12.2
United Arab Emirates,ARE,2018,15.8
United Arab Emirates,ARE,2020,17.7
United Kingdom,GBR,2000,34.7
United Kingdom,GBR,2001,29.6
United Kingdom,GBR,2002,31.4
United Kingdom,GBR,2003,31.5
United Kingdom,GBR,2004,32.5
United Kingdom,GBR,2005,33.6
United Kingdom,GBR,2006,34.3
United Kingdom,GBR,2007,34.4
United Kingdom,GBR,2008,34.8
United Kingdom,GBR,2009,35.4
United Kingdom,GBR,2010,36
United Kingdom,GBR,2011,32.1
United Kingdom,GBR,2012,32.4
United Kingdom,GBR,2013,32.3
United Kingdom,GBR,2014,32.9
United Kingdom,GBR,2015,32.4
United Kingdom,GBR,2016,33.8
United Kingdom,GBR,2017,34.4
United Kingdom,GBR,2018,34.2
United Kingdom,GBR,2019,34.9
United States,USA,2003,37.4
United States,USA,2004,37.3
United States,USA,2005,37.6
United States,USA,2006,37
United States,USA,2007,38
United States,USA,2008,38
United States,USA,2009,38.1
United States,USA,2010,38.8
United States,USA,2011,38.6
United States,USA,2012,39.1
United States,USA,2013,38.8
United States,USA,2014,38.8
United States,USA,2015,39.4
United States,USA,2016,39.7
United States,USA,2017,40.5
United States,USA,2018,40.5
United States,USA,2019,40.9
United States,USA,2020,42.3
United States,USA,2021,43.2
Uruguay,URY,2000,20.3
Uruguay,URY,2001,15.1
Uruguay,URY,2002,13.7
Uruguay,URY,2003,13.3
Uruguay,URY,2004,11.4
Uruguay,URY,2005,17.3
Uruguay,URY,2006,23.4
Uruguay,URY,2007,22.1
Uruguay,URY,2008,17.9
Uruguay,URY,2009,22.5
Uruguay,URY,2010,23.7
Uruguay,URY,2011,31.2
Uruguay,URY,2012,36.5
Uruguay,URY,2013,34.2
Uruguay,URY,2014,31.8
Uruguay,URY,2015,34
Uruguay,URY,2016,33.7
Uruguay,URY,2017,35.1
Uruguay,URY,2018,37.3
Uruguay,URY,2019,36.5
Uruguay,URY,2020,39.9
Vanuatu,VUT,2006,15.7
Vanuatu,VUT,2009,28.5
Vanuatu,VUT,2010,20.8
Vanuatu,VUT,2019,22.6
Vietnam,VNM,2007,16.3
Vietnam,VNM,2021,19.4
Yemen,YEM,2014,4.5
Zambia,ZMB,2017,28.5
Zambia,ZMB,2018,40.3
Zambia,ZMB,2019,30
Zimbabwe,ZWE,2011,22.8
Zimbabwe,ZWE,2019,28.1