Title,Women,Men,Years to parity
Argentina,46,54,NA
Australia,41.4,58.6,14.4
Austria,34.6,65.4,29.4
Belgium,38.1,61.9,17.4
Bosnia and Herzegovina,50,50,4
Brazil,47.6,52.4,0
Bulgaria,41.3,58.7,NA
Canada,38.7,61.3,40.4
Chile,36.8,63.2,78.4
China,45.4,54.6,0
Colombia,36.2,63.8,NA
Croatia,41.7,58.3,NA
Cuba,46,54,13
Czech Republic,37.7,62.3,26.4
Denmark,37.7,62.3,19.4
Egypt,43.4,56.6,3.4
Estonia,35,65,NA
Finland,43.8,56.2,4.4
France,37.6,62.4,NA
Germany,32.3,67.7,31.4
Ghana,34,66,19.4
Greece,33.8,66.2,30.4
Hong Kong,43,57,6.4
Hungary,40.2,59.8,19.4
Iceland,40.2,59.8,NA
India,30.2,69.8,NA
Indonesia,43,57,7.4
Iran,34.6,65.4,17.4
Ireland,40.4,59.6,13.4
Israel,39.3,60.7,24.4
Italy,42.3,57.7,12.4
Japan,20.4,79.6,142.4
Kenya,39.1,60.9,13.4
Lithuania,50,50,4
Luxembourg,38.3,61.7,22.4
Malaysia,37.1,62.9,67
Mexico,39.7,60.3,24.4
Morocco,41.4,58.6,7.4
Netherlands,38.6,61.4,12.4
New Zealand,37.9,62.1,115
Nigeria,30.3,69.7,39.4
Norway,41,59,9.4
Pakistan,33.9,66.1,53.4
Peru,35.9,64.1,21.4
Philippines,37.1,62.9,NA
Poland,47.1,52.9,0
Portugal,49,51,0
Romania,53.4,46.6,0
Russia,35.4,64.6,NA
Saudi Arabia,27.5,72.5,30.4
Serbia,53.6,46.4,0
Singapore,35.3,64.7,39.4
Slovakia,45.1,54.9,15
Slovenia,43.8,56.2,6.4
South Africa,40.6,59.4,45
South Korea,38.7,61.3,26.4
Spain,43.1,56.9,6.4
Sweden,40.6,59.4,14.4
Switzerland,33.3,66.7,31.4
Taiwan,36.4,63.6,NA
Thailand,43.2,56.8,NA
Tunisia,48.5,51.5,0
Turkey,33.7,66.3,61.4
Uganda,40.2,59.8,13.4
Ukraine,35.2,64.8,38.4
United Arab Emirates,33.9,66.1,20.4
United Kingdom,38.2,61.8,23.4
Uruguay,39,61,NA
USA,38.4,61.6,21.4
Venezuela,28.8,71.2,NA
